language,url,month
pt,http://pt.wikipedia.org/wiki/1_de_janeiro,1
pt,http://pt.wikipedia.org/wiki/2_de_janeiro,1
pt,http://pt.wikipedia.org/wiki/3_de_janeiro,1
pt,http://pt.wikipedia.org/wiki/4_de_janeiro,1
pt,http://pt.wikipedia.org/wiki/5_de_janeiro,1
pt,http://pt.wikipedia.org/wiki/6_de_janeiro,1
pt,http://pt.wikipedia.org/wiki/7_de_janeiro,1
pt,http://pt.wikipedia.org/wiki/8_de_janeiro,1
pt,http://pt.wikipedia.org/wiki/9_de_janeiro,1
pt,http://pt.wikipedia.org/wiki/10_de_janeiro,1
pt,http://pt.wikipedia.org/wiki/11_de_janeiro,1
pt,http://pt.wikipedia.org/wiki/12_de_janeiro,1
pt,http://pt.wikipedia.org/wiki/13_de_janeiro,1
pt,http://pt.wikipedia.org/wiki/14_de_janeiro,1
pt,http://pt.wikipedia.org/wiki/15_de_janeiro,1
pt,http://pt.wikipedia.org/wiki/16_de_janeiro,1
pt,http://pt.wikipedia.org/wiki/17_de_janeiro,1
pt,http://pt.wikipedia.org/wiki/18_de_janeiro,1
pt,http://pt.wikipedia.org/wiki/19_de_janeiro,1
pt,http://pt.wikipedia.org/wiki/20_de_janeiro,1
pt,http://pt.wikipedia.org/wiki/21_de_janeiro,1
pt,http://pt.wikipedia.org/wiki/22_de_janeiro,1
pt,http://pt.wikipedia.org/wiki/23_de_janeiro,1
pt,http://pt.wikipedia.org/wiki/24_de_janeiro,1
pt,http://pt.wikipedia.org/wiki/25_de_janeiro,1
pt,http://pt.wikipedia.org/wiki/26_de_janeiro,1
pt,http://pt.wikipedia.org/wiki/27_de_janeiro,1
pt,http://pt.wikipedia.org/wiki/28_de_janeiro,1
pt,http://pt.wikipedia.org/wiki/29_de_janeiro,1
pt,http://pt.wikipedia.org/wiki/30_de_janeiro,1
pt,http://pt.wikipedia.org/wiki/31_de_janeiro,1
pt,http://pt.wikipedia.org/wiki/1_de_fevereiro,2
pt,http://pt.wikipedia.org/wiki/2_de_fevereiro,2
pt,http://pt.wikipedia.org/wiki/3_de_fevereiro,2
pt,http://pt.wikipedia.org/wiki/4_de_fevereiro,2
pt,http://pt.wikipedia.org/wiki/5_de_fevereiro,2
pt,http://pt.wikipedia.org/wiki/6_de_fevereiro,2
pt,http://pt.wikipedia.org/wiki/7_de_fevereiro,2
pt,http://pt.wikipedia.org/wiki/8_de_fevereiro,2
pt,http://pt.wikipedia.org/wiki/9_de_fevereiro,2
pt,http://pt.wikipedia.org/wiki/10_de_fevereiro,2
pt,http://pt.wikipedia.org/wiki/11_de_fevereiro,2
pt,http://pt.wikipedia.org/wiki/12_de_fevereiro,2
pt,http://pt.wikipedia.org/wiki/13_de_fevereiro,2
pt,http://pt.wikipedia.org/wiki/14_de_fevereiro,2
pt,http://pt.wikipedia.org/wiki/15_de_fevereiro,2
pt,http://pt.wikipedia.org/wiki/16_de_fevereiro,2
pt,http://pt.wikipedia.org/wiki/17_de_fevereiro,2
pt,http://pt.wikipedia.org/wiki/18_de_fevereiro,2
pt,http://pt.wikipedia.org/wiki/19_de_fevereiro,2
pt,http://pt.wikipedia.org/wiki/20_de_fevereiro,2
pt,http://pt.wikipedia.org/wiki/21_de_fevereiro,2
pt,http://pt.wikipedia.org/wiki/22_de_fevereiro,2
pt,http://pt.wikipedia.org/wiki/23_de_fevereiro,2
pt,http://pt.wikipedia.org/wiki/24_de_fevereiro,2
pt,http://pt.wikipedia.org/wiki/25_de_fevereiro,2
pt,http://pt.wikipedia.org/wiki/26_de_fevereiro,2
pt,http://pt.wikipedia.org/wiki/27_de_fevereiro,2
pt,http://pt.wikipedia.org/wiki/28_de_fevereiro,2
pt,http://pt.wikipedia.org/wiki/1_de_mar%C3%A7o,3
pt,http://pt.wikipedia.org/wiki/2_de_mar%C3%A7o,3
pt,http://pt.wikipedia.org/wiki/3_de_mar%C3%A7o,3
pt,http://pt.wikipedia.org/wiki/4_de_mar%C3%A7o,3
pt,http://pt.wikipedia.org/wiki/5_de_mar%C3%A7o,3
pt,http://pt.wikipedia.org/wiki/6_de_mar%C3%A7o,3
pt,http://pt.wikipedia.org/wiki/7_de_mar%C3%A7o,3
pt,http://pt.wikipedia.org/wiki/8_de_mar%C3%A7o,3
pt,http://pt.wikipedia.org/wiki/9_de_mar%C3%A7o,3
pt,http://pt.wikipedia.org/wiki/10_de_mar%C3%A7o,3
pt,http://pt.wikipedia.org/wiki/11_de_mar%C3%A7o,3
pt,http://pt.wikipedia.org/wiki/12_de_mar%C3%A7o,3
pt,http://pt.wikipedia.org/wiki/13_de_mar%C3%A7o,3
pt,http://pt.wikipedia.org/wiki/14_de_mar%C3%A7o,3
pt,http://pt.wikipedia.org/wiki/15_de_mar%C3%A7o,3
pt,http://pt.wikipedia.org/wiki/16_de_mar%C3%A7o,3
pt,http://pt.wikipedia.org/wiki/17_de_mar%C3%A7o,3
pt,http://pt.wikipedia.org/wiki/18_de_mar%C3%A7o,3
pt,http://pt.wikipedia.org/wiki/19_de_mar%C3%A7o,3
pt,http://pt.wikipedia.org/wiki/20_de_mar%C3%A7o,3
pt,http://pt.wikipedia.org/wiki/21_de_mar%C3%A7o,3
pt,http://pt.wikipedia.org/wiki/22_de_mar%C3%A7o,3
pt,http://pt.wikipedia.org/wiki/23_de_mar%C3%A7o,3
pt,http://pt.wikipedia.org/wiki/24_de_mar%C3%A7o,3
pt,http://pt.wikipedia.org/wiki/25_de_mar%C3%A7o,3
pt,http://pt.wikipedia.org/wiki/26_de_mar%C3%A7o,3
pt,http://pt.wikipedia.org/wiki/27_de_mar%C3%A7o,3
pt,http://pt.wikipedia.org/wiki/28_de_mar%C3%A7o,3
pt,http://pt.wikipedia.org/wiki/29_de_mar%C3%A7o,3
pt,http://pt.wikipedia.org/wiki/30_de_mar%C3%A7o,3
pt,http://pt.wikipedia.org/wiki/31_de_mar%C3%A7o,3
pt,http://pt.wikipedia.org/wiki/1_de_abril,4
pt,http://pt.wikipedia.org/wiki/2_de_abril,4
pt,http://pt.wikipedia.org/wiki/3_de_abril,4
pt,http://pt.wikipedia.org/wiki/4_de_abril,4
pt,http://pt.wikipedia.org/wiki/5_de_abril,4
pt,http://pt.wikipedia.org/wiki/6_de_abril,4
pt,http://pt.wikipedia.org/wiki/7_de_abril,4
pt,http://pt.wikipedia.org/wiki/8_de_abril,4
pt,http://pt.wikipedia.org/wiki/9_de_abril,4
pt,http://pt.wikipedia.org/wiki/10_de_abril,4
pt,http://pt.wikipedia.org/wiki/11_de_abril,4
pt,http://pt.wikipedia.org/wiki/12_de_abril,4
pt,http://pt.wikipedia.org/wiki/13_de_abril,4
pt,http://pt.wikipedia.org/wiki/14_de_abril,4
pt,http://pt.wikipedia.org/wiki/15_de_abril,4
pt,http://pt.wikipedia.org/wiki/16_de_abril,4
pt,http://pt.wikipedia.org/wiki/17_de_abril,4
pt,http://pt.wikipedia.org/wiki/18_de_abril,4
pt,http://pt.wikipedia.org/wiki/19_de_abril,4
pt,http://pt.wikipedia.org/wiki/20_de_abril,4
pt,http://pt.wikipedia.org/wiki/21_de_abril,4
pt,http://pt.wikipedia.org/wiki/22_de_abril,4
pt,http://pt.wikipedia.org/wiki/23_de_abril,4
pt,http://pt.wikipedia.org/wiki/24_de_abril,4
pt,http://pt.wikipedia.org/wiki/25_de_abril,4
pt,http://pt.wikipedia.org/wiki/26_de_abril,4
pt,http://pt.wikipedia.org/wiki/27_de_abril,4
pt,http://pt.wikipedia.org/wiki/28_de_abril,4
pt,http://pt.wikipedia.org/wiki/29_de_abril,4
pt,http://pt.wikipedia.org/wiki/30_de_abril,4
pt,http://pt.wikipedia.org/wiki/1_de_maio,5
pt,http://pt.wikipedia.org/wiki/2_de_maio,5
pt,http://pt.wikipedia.org/wiki/3_de_maio,5
pt,http://pt.wikipedia.org/wiki/4_de_maio,5
pt,http://pt.wikipedia.org/wiki/5_de_maio,5
pt,http://pt.wikipedia.org/wiki/6_de_maio,5
pt,http://pt.wikipedia.org/wiki/7_de_maio,5
pt,http://pt.wikipedia.org/wiki/8_de_maio,5
pt,http://pt.wikipedia.org/wiki/9_de_maio,5
pt,http://pt.wikipedia.org/wiki/10_de_maio,5
pt,http://pt.wikipedia.org/wiki/11_de_maio,5
pt,http://pt.wikipedia.org/wiki/12_de_maio,5
pt,http://pt.wikipedia.org/wiki/13_de_maio,5
pt,http://pt.wikipedia.org/wiki/14_de_maio,5
pt,http://pt.wikipedia.org/wiki/15_de_maio,5
pt,http://pt.wikipedia.org/wiki/16_de_maio,5
pt,http://pt.wikipedia.org/wiki/17_de_maio,5
pt,http://pt.wikipedia.org/wiki/18_de_maio,5
pt,http://pt.wikipedia.org/wiki/19_de_maio,5
pt,http://pt.wikipedia.org/wiki/20_de_maio,5
pt,http://pt.wikipedia.org/wiki/21_de_maio,5
pt,http://pt.wikipedia.org/wiki/22_de_maio,5
pt,http://pt.wikipedia.org/wiki/23_de_maio,5
pt,http://pt.wikipedia.org/wiki/24_de_maio,5
pt,http://pt.wikipedia.org/wiki/25_de_maio,5
pt,http://pt.wikipedia.org/wiki/26_de_maio,5
pt,http://pt.wikipedia.org/wiki/27_de_maio,5
pt,http://pt.wikipedia.org/wiki/28_de_maio,5
pt,http://pt.wikipedia.org/wiki/29_de_maio,5
pt,http://pt.wikipedia.org/wiki/30_de_maio,5
pt,http://pt.wikipedia.org/wiki/31_de_maio,5
pt,http://pt.wikipedia.org/wiki/1_de_junho,6
pt,http://pt.wikipedia.org/wiki/2_de_junho,6
pt,http://pt.wikipedia.org/wiki/3_de_junho,6
pt,http://pt.wikipedia.org/wiki/4_de_junho,6
pt,http://pt.wikipedia.org/wiki/5_de_junho,6
pt,http://pt.wikipedia.org/wiki/6_de_junho,6
pt,http://pt.wikipedia.org/wiki/7_de_junho,6
pt,http://pt.wikipedia.org/wiki/8_de_junho,6
pt,http://pt.wikipedia.org/wiki/9_de_junho,6
pt,http://pt.wikipedia.org/wiki/10_de_junho,6
pt,http://pt.wikipedia.org/wiki/11_de_junho,6
pt,http://pt.wikipedia.org/wiki/12_de_junho,6
pt,http://pt.wikipedia.org/wiki/13_de_junho,6
pt,http://pt.wikipedia.org/wiki/14_de_junho,6
pt,http://pt.wikipedia.org/wiki/15_de_junho,6
pt,http://pt.wikipedia.org/wiki/16_de_junho,6
pt,http://pt.wikipedia.org/wiki/17_de_junho,6
pt,http://pt.wikipedia.org/wiki/18_de_junho,6
pt,http://pt.wikipedia.org/wiki/19_de_junho,6
pt,http://pt.wikipedia.org/wiki/20_de_junho,6
pt,http://pt.wikipedia.org/wiki/21_de_junho,6
pt,http://pt.wikipedia.org/wiki/22_de_junho,6
pt,http://pt.wikipedia.org/wiki/23_de_junho,6
pt,http://pt.wikipedia.org/wiki/24_de_junho,6
pt,http://pt.wikipedia.org/wiki/25_de_junho,6
pt,http://pt.wikipedia.org/wiki/26_de_junho,6
pt,http://pt.wikipedia.org/wiki/27_de_junho,6
pt,http://pt.wikipedia.org/wiki/28_de_junho,6
pt,http://pt.wikipedia.org/wiki/29_de_junho,6
pt,http://pt.wikipedia.org/wiki/30_de_junho,6
pt,http://pt.wikipedia.org/wiki/1_de_julho,7
pt,http://pt.wikipedia.org/wiki/2_de_julho,7
pt,http://pt.wikipedia.org/wiki/3_de_julho,7
pt,http://pt.wikipedia.org/wiki/4_de_julho,7
pt,http://pt.wikipedia.org/wiki/5_de_julho,7
pt,http://pt.wikipedia.org/wiki/6_de_julho,7
pt,http://pt.wikipedia.org/wiki/7_de_julho,7
pt,http://pt.wikipedia.org/wiki/8_de_julho,7
pt,http://pt.wikipedia.org/wiki/9_de_julho,7
pt,http://pt.wikipedia.org/wiki/10_de_julho,7
pt,http://pt.wikipedia.org/wiki/11_de_julho,7
pt,http://pt.wikipedia.org/wiki/12_de_julho,7
pt,http://pt.wikipedia.org/wiki/13_de_julho,7
pt,http://pt.wikipedia.org/wiki/14_de_julho,7
pt,http://pt.wikipedia.org/wiki/15_de_julho,7
pt,http://pt.wikipedia.org/wiki/16_de_julho,7
pt,http://pt.wikipedia.org/wiki/17_de_julho,7
pt,http://pt.wikipedia.org/wiki/18_de_julho,7
pt,http://pt.wikipedia.org/wiki/19_de_julho,7
pt,http://pt.wikipedia.org/wiki/20_de_julho,7
pt,http://pt.wikipedia.org/wiki/21_de_julho,7
pt,http://pt.wikipedia.org/wiki/22_de_julho,7
pt,http://pt.wikipedia.org/wiki/23_de_julho,7
pt,http://pt.wikipedia.org/wiki/24_de_julho,7
pt,http://pt.wikipedia.org/wiki/25_de_julho,7
pt,http://pt.wikipedia.org/wiki/26_de_julho,7
pt,http://pt.wikipedia.org/wiki/27_de_julho,7
pt,http://pt.wikipedia.org/wiki/28_de_julho,7
pt,http://pt.wikipedia.org/wiki/29_de_julho,7
pt,http://pt.wikipedia.org/wiki/30_de_julho,7
pt,http://pt.wikipedia.org/wiki/31_de_julho,7
pt,http://pt.wikipedia.org/wiki/1_de_agosto,8
pt,http://pt.wikipedia.org/wiki/2_de_agosto,8
pt,http://pt.wikipedia.org/wiki/3_de_agosto,8
pt,http://pt.wikipedia.org/wiki/4_de_agosto,8
pt,http://pt.wikipedia.org/wiki/5_de_agosto,8
pt,http://pt.wikipedia.org/wiki/6_de_agosto,8
pt,http://pt.wikipedia.org/wiki/7_de_agosto,8
pt,http://pt.wikipedia.org/wiki/8_de_agosto,8
pt,http://pt.wikipedia.org/wiki/9_de_agosto,8
pt,http://pt.wikipedia.org/wiki/10_de_agosto,8
pt,http://pt.wikipedia.org/wiki/11_de_agosto,8
pt,http://pt.wikipedia.org/wiki/12_de_agosto,8
pt,http://pt.wikipedia.org/wiki/13_de_agosto,8
pt,http://pt.wikipedia.org/wiki/14_de_agosto,8
pt,http://pt.wikipedia.org/wiki/15_de_agosto,8
pt,http://pt.wikipedia.org/wiki/16_de_agosto,8
pt,http://pt.wikipedia.org/wiki/17_de_agosto,8
pt,http://pt.wikipedia.org/wiki/18_de_agosto,8
pt,http://pt.wikipedia.org/wiki/19_de_agosto,8
pt,http://pt.wikipedia.org/wiki/20_de_agosto,8
pt,http://pt.wikipedia.org/wiki/21_de_agosto,8
pt,http://pt.wikipedia.org/wiki/22_de_agosto,8
pt,http://pt.wikipedia.org/wiki/23_de_agosto,8
pt,http://pt.wikipedia.org/wiki/24_de_agosto,8
pt,http://pt.wikipedia.org/wiki/25_de_agosto,8
pt,http://pt.wikipedia.org/wiki/26_de_agosto,8
pt,http://pt.wikipedia.org/wiki/27_de_agosto,8
pt,http://pt.wikipedia.org/wiki/28_de_agosto,8
pt,http://pt.wikipedia.org/wiki/29_de_agosto,8
pt,http://pt.wikipedia.org/wiki/30_de_agosto,8
pt,http://pt.wikipedia.org/wiki/31_de_agosto,8
pt,http://pt.wikipedia.org/wiki/1_de_setembro,9
pt,http://pt.wikipedia.org/wiki/2_de_setembro,9
pt,http://pt.wikipedia.org/wiki/3_de_setembro,9
pt,http://pt.wikipedia.org/wiki/4_de_setembro,9
pt,http://pt.wikipedia.org/wiki/5_de_setembro,9
pt,http://pt.wikipedia.org/wiki/6_de_setembro,9
pt,http://pt.wikipedia.org/wiki/7_de_setembro,9
pt,http://pt.wikipedia.org/wiki/8_de_setembro,9
pt,http://pt.wikipedia.org/wiki/9_de_setembro,9
pt,http://pt.wikipedia.org/wiki/10_de_setembro,9
pt,http://pt.wikipedia.org/wiki/11_de_setembro,9
pt,http://pt.wikipedia.org/wiki/12_de_setembro,9
pt,http://pt.wikipedia.org/wiki/13_de_setembro,9
pt,http://pt.wikipedia.org/wiki/14_de_setembro,9
pt,http://pt.wikipedia.org/wiki/15_de_setembro,9
pt,http://pt.wikipedia.org/wiki/16_de_setembro,9
pt,http://pt.wikipedia.org/wiki/17_de_setembro,9
pt,http://pt.wikipedia.org/wiki/18_de_setembro,9
pt,http://pt.wikipedia.org/wiki/19_de_setembro,9
pt,http://pt.wikipedia.org/wiki/20_de_setembro,9
pt,http://pt.wikipedia.org/wiki/21_de_setembro,9
pt,http://pt.wikipedia.org/wiki/22_de_setembro,9
pt,http://pt.wikipedia.org/wiki/23_de_setembro,9
pt,http://pt.wikipedia.org/wiki/24_de_setembro,9
pt,http://pt.wikipedia.org/wiki/25_de_setembro,9
pt,http://pt.wikipedia.org/wiki/26_de_setembro,9
pt,http://pt.wikipedia.org/wiki/27_de_setembro,9
pt,http://pt.wikipedia.org/wiki/28_de_setembro,9
pt,http://pt.wikipedia.org/wiki/29_de_setembro,9
pt,http://pt.wikipedia.org/wiki/30_de_setembro,9
pt,http://pt.wikipedia.org/wiki/1_de_outubro,10
pt,http://pt.wikipedia.org/wiki/2_de_outubro,10
pt,http://pt.wikipedia.org/wiki/3_de_outubro,10
pt,http://pt.wikipedia.org/wiki/4_de_outubro,10
pt,http://pt.wikipedia.org/wiki/5_de_outubro,10
pt,http://pt.wikipedia.org/wiki/6_de_outubro,10
pt,http://pt.wikipedia.org/wiki/7_de_outubro,10
pt,http://pt.wikipedia.org/wiki/8_de_outubro,10
pt,http://pt.wikipedia.org/wiki/9_de_outubro,10
pt,http://pt.wikipedia.org/wiki/10_de_outubro,10
pt,http://pt.wikipedia.org/wiki/11_de_outubro,10
pt,http://pt.wikipedia.org/wiki/12_de_outubro,10
pt,http://pt.wikipedia.org/wiki/13_de_outubro,10
pt,http://pt.wikipedia.org/wiki/14_de_outubro,10
pt,http://pt.wikipedia.org/wiki/15_de_outubro,10
pt,http://pt.wikipedia.org/wiki/16_de_outubro,10
pt,http://pt.wikipedia.org/wiki/17_de_outubro,10
pt,http://pt.wikipedia.org/wiki/18_de_outubro,10
pt,http://pt.wikipedia.org/wiki/19_de_outubro,10
pt,http://pt.wikipedia.org/wiki/20_de_outubro,10
pt,http://pt.wikipedia.org/wiki/21_de_outubro,10
pt,http://pt.wikipedia.org/wiki/22_de_outubro,10
pt,http://pt.wikipedia.org/wiki/23_de_outubro,10
pt,http://pt.wikipedia.org/wiki/24_de_outubro,10
pt,http://pt.wikipedia.org/wiki/25_de_outubro,10
pt,http://pt.wikipedia.org/wiki/26_de_outubro,10
pt,http://pt.wikipedia.org/wiki/27_de_outubro,10
pt,http://pt.wikipedia.org/wiki/28_de_outubro,10
pt,http://pt.wikipedia.org/wiki/29_de_outubro,10
pt,http://pt.wikipedia.org/wiki/30_de_outubro,10
pt,http://pt.wikipedia.org/wiki/31_de_outubro,10
pt,http://pt.wikipedia.org/wiki/1_de_novembro,11
pt,http://pt.wikipedia.org/wiki/2_de_novembro,11
pt,http://pt.wikipedia.org/wiki/3_de_novembro,11
pt,http://pt.wikipedia.org/wiki/4_de_novembro,11
pt,http://pt.wikipedia.org/wiki/5_de_novembro,11
pt,http://pt.wikipedia.org/wiki/6_de_novembro,11
pt,http://pt.wikipedia.org/wiki/7_de_novembro,11
pt,http://pt.wikipedia.org/wiki/8_de_novembro,11
pt,http://pt.wikipedia.org/wiki/9_de_novembro,11
pt,http://pt.wikipedia.org/wiki/10_de_novembro,11
pt,http://pt.wikipedia.org/wiki/11_de_novembro,11
pt,http://pt.wikipedia.org/wiki/12_de_novembro,11
pt,http://pt.wikipedia.org/wiki/13_de_novembro,11
pt,http://pt.wikipedia.org/wiki/14_de_novembro,11
pt,http://pt.wikipedia.org/wiki/15_de_novembro,11
pt,http://pt.wikipedia.org/wiki/16_de_novembro,11
pt,http://pt.wikipedia.org/wiki/17_de_novembro,11
pt,http://pt.wikipedia.org/wiki/18_de_novembro,11
pt,http://pt.wikipedia.org/wiki/19_de_novembro,11
pt,http://pt.wikipedia.org/wiki/20_de_novembro,11
pt,http://pt.wikipedia.org/wiki/21_de_novembro,11
pt,http://pt.wikipedia.org/wiki/22_de_novembro,11
pt,http://pt.wikipedia.org/wiki/23_de_novembro,11
pt,http://pt.wikipedia.org/wiki/24_de_novembro,11
pt,http://pt.wikipedia.org/wiki/25_de_novembro,11
pt,http://pt.wikipedia.org/wiki/26_de_novembro,11
pt,http://pt.wikipedia.org/wiki/27_de_novembro,11
pt,http://pt.wikipedia.org/wiki/28_de_novembro,11
pt,http://pt.wikipedia.org/wiki/29_de_novembro,11
pt,http://pt.wikipedia.org/wiki/30_de_novembro,11
pt,http://pt.wikipedia.org/wiki/1_de_dezembro,12
pt,http://pt.wikipedia.org/wiki/2_de_dezembro,12
pt,http://pt.wikipedia.org/wiki/3_de_dezembro,12
pt,http://pt.wikipedia.org/wiki/4_de_dezembro,12
pt,http://pt.wikipedia.org/wiki/5_de_dezembro,12
pt,http://pt.wikipedia.org/wiki/6_de_dezembro,12
pt,http://pt.wikipedia.org/wiki/7_de_dezembro,12
pt,http://pt.wikipedia.org/wiki/8_de_dezembro,12
pt,http://pt.wikipedia.org/wiki/9_de_dezembro,12
pt,http://pt.wikipedia.org/wiki/10_de_dezembro,12
pt,http://pt.wikipedia.org/wiki/11_de_dezembro,12
pt,http://pt.wikipedia.org/wiki/12_de_dezembro,12
pt,http://pt.wikipedia.org/wiki/13_de_dezembro,12
pt,http://pt.wikipedia.org/wiki/14_de_dezembro,12
pt,http://pt.wikipedia.org/wiki/15_de_dezembro,12
pt,http://pt.wikipedia.org/wiki/16_de_dezembro,12
pt,http://pt.wikipedia.org/wiki/17_de_dezembro,12
pt,http://pt.wikipedia.org/wiki/18_de_dezembro,12
pt,http://pt.wikipedia.org/wiki/19_de_dezembro,12
pt,http://pt.wikipedia.org/wiki/20_de_dezembro,12
pt,http://pt.wikipedia.org/wiki/21_de_dezembro,12
pt,http://pt.wikipedia.org/wiki/22_de_dezembro,12
pt,http://pt.wikipedia.org/wiki/23_de_dezembro,12
pt,http://pt.wikipedia.org/wiki/24_de_dezembro,12
pt,http://pt.wikipedia.org/wiki/25_de_dezembro,12
pt,http://pt.wikipedia.org/wiki/26_de_dezembro,12
pt,http://pt.wikipedia.org/wiki/27_de_dezembro,12
pt,http://pt.wikipedia.org/wiki/28_de_dezembro,12
pt,http://pt.wikipedia.org/wiki/29_de_dezembro,12
pt,http://pt.wikipedia.org/wiki/30_de_dezembro,12
pt,http://pt.wikipedia.org/wiki/31_de_dezembro,12
en,http://en.wikipedia.org/wiki/January_1,1
en,http://en.wikipedia.org/wiki/January_2,1
en,http://en.wikipedia.org/wiki/January_3,1
en,http://en.wikipedia.org/wiki/January_4,1
en,http://en.wikipedia.org/wiki/January_5,1
en,http://en.wikipedia.org/wiki/January_6,1
en,http://en.wikipedia.org/wiki/January_7,1
en,http://en.wikipedia.org/wiki/January_8,1
en,http://en.wikipedia.org/wiki/January_9,1
en,http://en.wikipedia.org/wiki/January_10,1
en,http://en.wikipedia.org/wiki/January_11,1
en,http://en.wikipedia.org/wiki/January_12,1
en,http://en.wikipedia.org/wiki/January_13,1
en,http://en.wikipedia.org/wiki/January_14,1
en,http://en.wikipedia.org/wiki/January_15,1
en,http://en.wikipedia.org/wiki/January_16,1
en,http://en.wikipedia.org/wiki/January_17,1
en,http://en.wikipedia.org/wiki/January_18,1
en,http://en.wikipedia.org/wiki/January_19,1
en,http://en.wikipedia.org/wiki/January_20,1
en,http://en.wikipedia.org/wiki/January_21,1
en,http://en.wikipedia.org/wiki/January_22,1
en,http://en.wikipedia.org/wiki/January_23,1
en,http://en.wikipedia.org/wiki/January_24,1
en,http://en.wikipedia.org/wiki/January_25,1
en,http://en.wikipedia.org/wiki/January_26,1
en,http://en.wikipedia.org/wiki/January_27,1
en,http://en.wikipedia.org/wiki/January_28,1
en,http://en.wikipedia.org/wiki/January_29,1
en,http://en.wikipedia.org/wiki/January_30,1
en,http://en.wikipedia.org/wiki/January_31,1
en,http://en.wikipedia.org/wiki/February_1,2
en,http://en.wikipedia.org/wiki/February_2,2
en,http://en.wikipedia.org/wiki/February_3,2
en,http://en.wikipedia.org/wiki/February_4,2
en,http://en.wikipedia.org/wiki/February_5,2
en,http://en.wikipedia.org/wiki/February_6,2
en,http://en.wikipedia.org/wiki/February_7,2
en,http://en.wikipedia.org/wiki/February_8,2
en,http://en.wikipedia.org/wiki/February_9,2
en,http://en.wikipedia.org/wiki/February_10,2
en,http://en.wikipedia.org/wiki/February_11,2
en,http://en.wikipedia.org/wiki/February_12,2
en,http://en.wikipedia.org/wiki/February_13,2
en,http://en.wikipedia.org/wiki/February_14,2
en,http://en.wikipedia.org/wiki/February_15,2
en,http://en.wikipedia.org/wiki/February_16,2
en,http://en.wikipedia.org/wiki/February_17,2
en,http://en.wikipedia.org/wiki/February_18,2
en,http://en.wikipedia.org/wiki/February_19,2
en,http://en.wikipedia.org/wiki/February_20,2
en,http://en.wikipedia.org/wiki/February_21,2
en,http://en.wikipedia.org/wiki/February_22,2
en,http://en.wikipedia.org/wiki/February_23,2
en,http://en.wikipedia.org/wiki/February_24,2
en,http://en.wikipedia.org/wiki/February_25,2
en,http://en.wikipedia.org/wiki/February_26,2
en,http://en.wikipedia.org/wiki/February_27,2
en,http://en.wikipedia.org/wiki/February_28,2
en,http://en.wikipedia.org/wiki/March_1,3
en,http://en.wikipedia.org/wiki/March_2,3
en,http://en.wikipedia.org/wiki/March_3,3
en,http://en.wikipedia.org/wiki/March_4,3
en,http://en.wikipedia.org/wiki/March_5,3
en,http://en.wikipedia.org/wiki/March_6,3
en,http://en.wikipedia.org/wiki/March_7,3
en,http://en.wikipedia.org/wiki/March_8,3
en,http://en.wikipedia.org/wiki/March_9,3
en,http://en.wikipedia.org/wiki/March_10,3
en,http://en.wikipedia.org/wiki/March_11,3
en,http://en.wikipedia.org/wiki/March_12,3
en,http://en.wikipedia.org/wiki/March_13,3
en,http://en.wikipedia.org/wiki/March_14,3
en,http://en.wikipedia.org/wiki/March_15,3
en,http://en.wikipedia.org/wiki/March_16,3
en,http://en.wikipedia.org/wiki/March_17,3
en,http://en.wikipedia.org/wiki/March_18,3
en,http://en.wikipedia.org/wiki/March_19,3
en,http://en.wikipedia.org/wiki/March_20,3
en,http://en.wikipedia.org/wiki/March_21,3
en,http://en.wikipedia.org/wiki/March_22,3
en,http://en.wikipedia.org/wiki/March_23,3
en,http://en.wikipedia.org/wiki/March_24,3
en,http://en.wikipedia.org/wiki/March_25,3
en,http://en.wikipedia.org/wiki/March_26,3
en,http://en.wikipedia.org/wiki/March_27,3
en,http://en.wikipedia.org/wiki/March_28,3
en,http://en.wikipedia.org/wiki/March_29,3
en,http://en.wikipedia.org/wiki/March_30,3
en,http://en.wikipedia.org/wiki/March_31,3
en,http://en.wikipedia.org/wiki/April_1,4
en,http://en.wikipedia.org/wiki/April_2,4
en,http://en.wikipedia.org/wiki/April_3,4
en,http://en.wikipedia.org/wiki/April_4,4
en,http://en.wikipedia.org/wiki/April_5,4
en,http://en.wikipedia.org/wiki/April_6,4
en,http://en.wikipedia.org/wiki/April_7,4
en,http://en.wikipedia.org/wiki/April_8,4
en,http://en.wikipedia.org/wiki/April_9,4
en,http://en.wikipedia.org/wiki/April_10,4
en,http://en.wikipedia.org/wiki/April_11,4
en,http://en.wikipedia.org/wiki/April_12,4
en,http://en.wikipedia.org/wiki/April_13,4
en,http://en.wikipedia.org/wiki/April_14,4
en,http://en.wikipedia.org/wiki/April_15,4
en,http://en.wikipedia.org/wiki/April_16,4
en,http://en.wikipedia.org/wiki/April_17,4
en,http://en.wikipedia.org/wiki/April_18,4
en,http://en.wikipedia.org/wiki/April_19,4
en,http://en.wikipedia.org/wiki/April_20,4
en,http://en.wikipedia.org/wiki/April_21,4
en,http://en.wikipedia.org/wiki/April_22,4
en,http://en.wikipedia.org/wiki/April_23,4
en,http://en.wikipedia.org/wiki/April_24,4
en,http://en.wikipedia.org/wiki/April_25,4
en,http://en.wikipedia.org/wiki/April_26,4
en,http://en.wikipedia.org/wiki/April_27,4
en,http://en.wikipedia.org/wiki/April_28,4
en,http://en.wikipedia.org/wiki/April_29,4
en,http://en.wikipedia.org/wiki/April_30,4
en,http://en.wikipedia.org/wiki/May_1,5
en,http://en.wikipedia.org/wiki/May_2,5
en,http://en.wikipedia.org/wiki/May_3,5
en,http://en.wikipedia.org/wiki/May_4,5
en,http://en.wikipedia.org/wiki/May_5,5
en,http://en.wikipedia.org/wiki/May_6,5
en,http://en.wikipedia.org/wiki/May_7,5
en,http://en.wikipedia.org/wiki/May_8,5
en,http://en.wikipedia.org/wiki/May_9,5
en,http://en.wikipedia.org/wiki/May_10,5
en,http://en.wikipedia.org/wiki/May_11,5
en,http://en.wikipedia.org/wiki/May_12,5
en,http://en.wikipedia.org/wiki/May_13,5
en,http://en.wikipedia.org/wiki/May_14,5
en,http://en.wikipedia.org/wiki/May_15,5
en,http://en.wikipedia.org/wiki/May_16,5
en,http://en.wikipedia.org/wiki/May_17,5
en,http://en.wikipedia.org/wiki/May_18,5
en,http://en.wikipedia.org/wiki/May_19,5
en,http://en.wikipedia.org/wiki/May_20,5
en,http://en.wikipedia.org/wiki/May_21,5
en,http://en.wikipedia.org/wiki/May_22,5
en,http://en.wikipedia.org/wiki/May_23,5
en,http://en.wikipedia.org/wiki/May_24,5
en,http://en.wikipedia.org/wiki/May_25,5
en,http://en.wikipedia.org/wiki/May_26,5
en,http://en.wikipedia.org/wiki/May_27,5
en,http://en.wikipedia.org/wiki/May_28,5
en,http://en.wikipedia.org/wiki/May_29,5
en,http://en.wikipedia.org/wiki/May_30,5
en,http://en.wikipedia.org/wiki/May_31,5
en,http://en.wikipedia.org/wiki/June_1,6
en,http://en.wikipedia.org/wiki/June_2,6
en,http://en.wikipedia.org/wiki/June_3,6
en,http://en.wikipedia.org/wiki/June_4,6
en,http://en.wikipedia.org/wiki/June_5,6
en,http://en.wikipedia.org/wiki/June_6,6
en,http://en.wikipedia.org/wiki/June_7,6
en,http://en.wikipedia.org/wiki/June_8,6
en,http://en.wikipedia.org/wiki/June_9,6
en,http://en.wikipedia.org/wiki/June_10,6
en,http://en.wikipedia.org/wiki/June_11,6
en,http://en.wikipedia.org/wiki/June_12,6
en,http://en.wikipedia.org/wiki/June_13,6
en,http://en.wikipedia.org/wiki/June_14,6
en,http://en.wikipedia.org/wiki/June_15,6
en,http://en.wikipedia.org/wiki/June_16,6
en,http://en.wikipedia.org/wiki/June_17,6
en,http://en.wikipedia.org/wiki/June_18,6
en,http://en.wikipedia.org/wiki/June_19,6
en,http://en.wikipedia.org/wiki/June_20,6
en,http://en.wikipedia.org/wiki/June_21,6
en,http://en.wikipedia.org/wiki/June_22,6
en,http://en.wikipedia.org/wiki/June_23,6
en,http://en.wikipedia.org/wiki/June_24,6
en,http://en.wikipedia.org/wiki/June_25,6
en,http://en.wikipedia.org/wiki/June_26,6
en,http://en.wikipedia.org/wiki/June_27,6
en,http://en.wikipedia.org/wiki/June_28,6
en,http://en.wikipedia.org/wiki/June_29,6
en,http://en.wikipedia.org/wiki/June_30,6
en,http://en.wikipedia.org/wiki/July_1,7
en,http://en.wikipedia.org/wiki/July_2,7
en,http://en.wikipedia.org/wiki/July_3,7
en,http://en.wikipedia.org/wiki/July_4,7
en,http://en.wikipedia.org/wiki/July_5,7
en,http://en.wikipedia.org/wiki/July_6,7
en,http://en.wikipedia.org/wiki/July_7,7
en,http://en.wikipedia.org/wiki/July_8,7
en,http://en.wikipedia.org/wiki/July_9,7
en,http://en.wikipedia.org/wiki/July_10,7
en,http://en.wikipedia.org/wiki/July_11,7
en,http://en.wikipedia.org/wiki/July_12,7
en,http://en.wikipedia.org/wiki/July_13,7
en,http://en.wikipedia.org/wiki/July_14,7
en,http://en.wikipedia.org/wiki/July_15,7
en,http://en.wikipedia.org/wiki/July_16,7
en,http://en.wikipedia.org/wiki/July_17,7
en,http://en.wikipedia.org/wiki/July_18,7
en,http://en.wikipedia.org/wiki/July_19,7
en,http://en.wikipedia.org/wiki/July_20,7
en,http://en.wikipedia.org/wiki/July_21,7
en,http://en.wikipedia.org/wiki/July_22,7
en,http://en.wikipedia.org/wiki/July_23,7
en,http://en.wikipedia.org/wiki/July_24,7
en,http://en.wikipedia.org/wiki/July_25,7
en,http://en.wikipedia.org/wiki/July_26,7
en,http://en.wikipedia.org/wiki/July_27,7
en,http://en.wikipedia.org/wiki/July_28,7
en,http://en.wikipedia.org/wiki/July_29,7
en,http://en.wikipedia.org/wiki/July_30,7
en,http://en.wikipedia.org/wiki/July_31,7
en,http://en.wikipedia.org/wiki/August_1,8
en,http://en.wikipedia.org/wiki/August_2,8
en,http://en.wikipedia.org/wiki/August_3,8
en,http://en.wikipedia.org/wiki/August_4,8
en,http://en.wikipedia.org/wiki/August_5,8
en,http://en.wikipedia.org/wiki/August_6,8
en,http://en.wikipedia.org/wiki/August_7,8
en,http://en.wikipedia.org/wiki/August_8,8
en,http://en.wikipedia.org/wiki/August_9,8
en,http://en.wikipedia.org/wiki/August_10,8
en,http://en.wikipedia.org/wiki/August_11,8
en,http://en.wikipedia.org/wiki/August_12,8
en,http://en.wikipedia.org/wiki/August_13,8
en,http://en.wikipedia.org/wiki/August_14,8
en,http://en.wikipedia.org/wiki/August_15,8
en,http://en.wikipedia.org/wiki/August_16,8
en,http://en.wikipedia.org/wiki/August_17,8
en,http://en.wikipedia.org/wiki/August_18,8
en,http://en.wikipedia.org/wiki/August_19,8
en,http://en.wikipedia.org/wiki/August_20,8
en,http://en.wikipedia.org/wiki/August_21,8
en,http://en.wikipedia.org/wiki/August_22,8
en,http://en.wikipedia.org/wiki/August_23,8
en,http://en.wikipedia.org/wiki/August_24,8
en,http://en.wikipedia.org/wiki/August_25,8
en,http://en.wikipedia.org/wiki/August_26,8
en,http://en.wikipedia.org/wiki/August_27,8
en,http://en.wikipedia.org/wiki/August_28,8
en,http://en.wikipedia.org/wiki/August_29,8
en,http://en.wikipedia.org/wiki/August_30,8
en,http://en.wikipedia.org/wiki/August_31,8
en,http://en.wikipedia.org/wiki/September_1,9
en,http://en.wikipedia.org/wiki/September_2,9
en,http://en.wikipedia.org/wiki/September_3,9
en,http://en.wikipedia.org/wiki/September_4,9
en,http://en.wikipedia.org/wiki/September_5,9
en,http://en.wikipedia.org/wiki/September_6,9
en,http://en.wikipedia.org/wiki/September_7,9
en,http://en.wikipedia.org/wiki/September_8,9
en,http://en.wikipedia.org/wiki/September_9,9
en,http://en.wikipedia.org/wiki/September_10,9
en,http://en.wikipedia.org/wiki/September_11,9
en,http://en.wikipedia.org/wiki/September_12,9
en,http://en.wikipedia.org/wiki/September_13,9
en,http://en.wikipedia.org/wiki/September_14,9
en,http://en.wikipedia.org/wiki/September_15,9
en,http://en.wikipedia.org/wiki/September_16,9
en,http://en.wikipedia.org/wiki/September_17,9
en,http://en.wikipedia.org/wiki/September_18,9
en,http://en.wikipedia.org/wiki/September_19,9
en,http://en.wikipedia.org/wiki/September_20,9
en,http://en.wikipedia.org/wiki/September_21,9
en,http://en.wikipedia.org/wiki/September_22,9
en,http://en.wikipedia.org/wiki/September_23,9
en,http://en.wikipedia.org/wiki/September_24,9
en,http://en.wikipedia.org/wiki/September_25,9
en,http://en.wikipedia.org/wiki/September_26,9
en,http://en.wikipedia.org/wiki/September_27,9
en,http://en.wikipedia.org/wiki/September_28,9
en,http://en.wikipedia.org/wiki/September_29,9
en,http://en.wikipedia.org/wiki/September_30,9
en,http://en.wikipedia.org/wiki/October_1,10
en,http://en.wikipedia.org/wiki/October_2,10
en,http://en.wikipedia.org/wiki/October_3,10
en,http://en.wikipedia.org/wiki/October_4,10
en,http://en.wikipedia.org/wiki/October_5,10
en,http://en.wikipedia.org/wiki/October_6,10
en,http://en.wikipedia.org/wiki/October_7,10
en,http://en.wikipedia.org/wiki/October_8,10
en,http://en.wikipedia.org/wiki/October_9,10
en,http://en.wikipedia.org/wiki/October_10,10
en,http://en.wikipedia.org/wiki/October_11,10
en,http://en.wikipedia.org/wiki/October_12,10
en,http://en.wikipedia.org/wiki/October_13,10
en,http://en.wikipedia.org/wiki/October_14,10
en,http://en.wikipedia.org/wiki/October_15,10
en,http://en.wikipedia.org/wiki/October_16,10
en,http://en.wikipedia.org/wiki/October_17,10
en,http://en.wikipedia.org/wiki/October_18,10
en,http://en.wikipedia.org/wiki/October_19,10
en,http://en.wikipedia.org/wiki/October_20,10
en,http://en.wikipedia.org/wiki/October_21,10
en,http://en.wikipedia.org/wiki/October_22,10
en,http://en.wikipedia.org/wiki/October_23,10
en,http://en.wikipedia.org/wiki/October_24,10
en,http://en.wikipedia.org/wiki/October_25,10
en,http://en.wikipedia.org/wiki/October_26,10
en,http://en.wikipedia.org/wiki/October_27,10
en,http://en.wikipedia.org/wiki/October_28,10
en,http://en.wikipedia.org/wiki/October_29,10
en,http://en.wikipedia.org/wiki/October_30,10
en,http://en.wikipedia.org/wiki/October_31,10
en,http://en.wikipedia.org/wiki/November_1,11
en,http://en.wikipedia.org/wiki/November_2,11
en,http://en.wikipedia.org/wiki/November_3,11
en,http://en.wikipedia.org/wiki/November_4,11
en,http://en.wikipedia.org/wiki/November_5,11
en,http://en.wikipedia.org/wiki/November_6,11
en,http://en.wikipedia.org/wiki/November_7,11
en,http://en.wikipedia.org/wiki/November_8,11
en,http://en.wikipedia.org/wiki/November_9,11
en,http://en.wikipedia.org/wiki/November_10,11
en,http://en.wikipedia.org/wiki/November_11,11
en,http://en.wikipedia.org/wiki/November_12,11
en,http://en.wikipedia.org/wiki/November_13,11
en,http://en.wikipedia.org/wiki/November_14,11
en,http://en.wikipedia.org/wiki/November_15,11
en,http://en.wikipedia.org/wiki/November_16,11
en,http://en.wikipedia.org/wiki/November_17,11
en,http://en.wikipedia.org/wiki/November_18,11
en,http://en.wikipedia.org/wiki/November_19,11
en,http://en.wikipedia.org/wiki/November_20,11
en,http://en.wikipedia.org/wiki/November_21,11
en,http://en.wikipedia.org/wiki/November_22,11
en,http://en.wikipedia.org/wiki/November_23,11
en,http://en.wikipedia.org/wiki/November_24,11
en,http://en.wikipedia.org/wiki/November_25,11
en,http://en.wikipedia.org/wiki/November_26,11
en,http://en.wikipedia.org/wiki/November_27,11
en,http://en.wikipedia.org/wiki/November_28,11
en,http://en.wikipedia.org/wiki/November_29,11
en,http://en.wikipedia.org/wiki/November_30,11
en,http://en.wikipedia.org/wiki/December_1,12
en,http://en.wikipedia.org/wiki/December_2,12
en,http://en.wikipedia.org/wiki/December_3,12
en,http://en.wikipedia.org/wiki/December_4,12
en,http://en.wikipedia.org/wiki/December_5,12
en,http://en.wikipedia.org/wiki/December_6,12
en,http://en.wikipedia.org/wiki/December_7,12
en,http://en.wikipedia.org/wiki/December_8,12
en,http://en.wikipedia.org/wiki/December_9,12
en,http://en.wikipedia.org/wiki/December_10,12
en,http://en.wikipedia.org/wiki/December_11,12
en,http://en.wikipedia.org/wiki/December_12,12
en,http://en.wikipedia.org/wiki/December_13,12
en,http://en.wikipedia.org/wiki/December_14,12
en,http://en.wikipedia.org/wiki/December_15,12
en,http://en.wikipedia.org/wiki/December_16,12
en,http://en.wikipedia.org/wiki/December_17,12
en,http://en.wikipedia.org/wiki/December_18,12
en,http://en.wikipedia.org/wiki/December_19,12
en,http://en.wikipedia.org/wiki/December_20,12
en,http://en.wikipedia.org/wiki/December_21,12
en,http://en.wikipedia.org/wiki/December_22,12
en,http://en.wikipedia.org/wiki/December_23,12
en,http://en.wikipedia.org/wiki/December_24,12
en,http://en.wikipedia.org/wiki/December_25,12
en,http://en.wikipedia.org/wiki/December_26,12
en,http://en.wikipedia.org/wiki/December_27,12
en,http://en.wikipedia.org/wiki/December_28,12
en,http://en.wikipedia.org/wiki/December_29,12
en,http://en.wikipedia.org/wiki/December_30,12
en,http://en.wikipedia.org/wiki/December_31,12
de,http://de.wikipedia.org/wiki/1._Januar,1
de,http://de.wikipedia.org/wiki/2._Januar,1
de,http://de.wikipedia.org/wiki/3._Januar,1
de,http://de.wikipedia.org/wiki/4._Januar,1
de,http://de.wikipedia.org/wiki/5._Januar,1
de,http://de.wikipedia.org/wiki/6._Januar,1
de,http://de.wikipedia.org/wiki/7._Januar,1
de,http://de.wikipedia.org/wiki/8._Januar,1
de,http://de.wikipedia.org/wiki/9._Januar,1
de,http://de.wikipedia.org/wiki/10._Januar,1
de,http://de.wikipedia.org/wiki/11._Januar,1
de,http://de.wikipedia.org/wiki/12._Januar,1
de,http://de.wikipedia.org/wiki/13._Januar,1
de,http://de.wikipedia.org/wiki/14._Januar,1
de,http://de.wikipedia.org/wiki/15._Januar,1
de,http://de.wikipedia.org/wiki/16._Januar,1
de,http://de.wikipedia.org/wiki/17._Januar,1
de,http://de.wikipedia.org/wiki/18._Januar,1
de,http://de.wikipedia.org/wiki/19._Januar,1
de,http://de.wikipedia.org/wiki/20._Januar,1
de,http://de.wikipedia.org/wiki/21._Januar,1
de,http://de.wikipedia.org/wiki/22._Januar,1
de,http://de.wikipedia.org/wiki/23._Januar,1
de,http://de.wikipedia.org/wiki/24._Januar,1
de,http://de.wikipedia.org/wiki/25._Januar,1
de,http://de.wikipedia.org/wiki/26._Januar,1
de,http://de.wikipedia.org/wiki/27._Januar,1
de,http://de.wikipedia.org/wiki/28._Januar,1
de,http://de.wikipedia.org/wiki/29._Januar,1
de,http://de.wikipedia.org/wiki/30._Januar,1
de,http://de.wikipedia.org/wiki/31._Januar,1
de,http://de.wikipedia.org/wiki/1._Februar,2
de,http://de.wikipedia.org/wiki/2._Februar,2
de,http://de.wikipedia.org/wiki/3._Februar,2
de,http://de.wikipedia.org/wiki/4._Februar,2
de,http://de.wikipedia.org/wiki/5._Februar,2
de,http://de.wikipedia.org/wiki/6._Februar,2
de,http://de.wikipedia.org/wiki/7._Februar,2
de,http://de.wikipedia.org/wiki/8._Februar,2
de,http://de.wikipedia.org/wiki/9._Februar,2
de,http://de.wikipedia.org/wiki/10._Februar,2
de,http://de.wikipedia.org/wiki/11._Februar,2
de,http://de.wikipedia.org/wiki/12._Februar,2
de,http://de.wikipedia.org/wiki/13._Februar,2
de,http://de.wikipedia.org/wiki/14._Februar,2
de,http://de.wikipedia.org/wiki/15._Februar,2
de,http://de.wikipedia.org/wiki/16._Februar,2
de,http://de.wikipedia.org/wiki/17._Februar,2
de,http://de.wikipedia.org/wiki/18._Februar,2
de,http://de.wikipedia.org/wiki/19._Februar,2
de,http://de.wikipedia.org/wiki/20._Februar,2
de,http://de.wikipedia.org/wiki/21._Februar,2
de,http://de.wikipedia.org/wiki/22._Februar,2
de,http://de.wikipedia.org/wiki/23._Februar,2
de,http://de.wikipedia.org/wiki/24._Februar,2
de,http://de.wikipedia.org/wiki/25._Februar,2
de,http://de.wikipedia.org/wiki/26._Februar,2
de,http://de.wikipedia.org/wiki/27._Februar,2
de,http://de.wikipedia.org/wiki/28._Februar,2
de,http://de.wikipedia.org/wiki/1._März,3
de,http://de.wikipedia.org/wiki/2._März,3
de,http://de.wikipedia.org/wiki/3._März,3
de,http://de.wikipedia.org/wiki/4._März,3
de,http://de.wikipedia.org/wiki/5._März,3
de,http://de.wikipedia.org/wiki/6._März,3
de,http://de.wikipedia.org/wiki/7._März,3
de,http://de.wikipedia.org/wiki/8._März,3
de,http://de.wikipedia.org/wiki/9._März,3
de,http://de.wikipedia.org/wiki/10._März,3
de,http://de.wikipedia.org/wiki/11._März,3
de,http://de.wikipedia.org/wiki/12._März,3
de,http://de.wikipedia.org/wiki/13._März,3
de,http://de.wikipedia.org/wiki/14._März,3
de,http://de.wikipedia.org/wiki/15._März,3
de,http://de.wikipedia.org/wiki/16._März,3
de,http://de.wikipedia.org/wiki/17._März,3
de,http://de.wikipedia.org/wiki/18._März,3
de,http://de.wikipedia.org/wiki/19._März,3
de,http://de.wikipedia.org/wiki/20._März,3
de,http://de.wikipedia.org/wiki/21._März,3
de,http://de.wikipedia.org/wiki/22._März,3
de,http://de.wikipedia.org/wiki/23._März,3
de,http://de.wikipedia.org/wiki/24._März,3
de,http://de.wikipedia.org/wiki/25._März,3
de,http://de.wikipedia.org/wiki/26._März,3
de,http://de.wikipedia.org/wiki/27._März,3
de,http://de.wikipedia.org/wiki/28._März,3
de,http://de.wikipedia.org/wiki/29._März,3
de,http://de.wikipedia.org/wiki/30._März,3
de,http://de.wikipedia.org/wiki/31._März,3
de,http://de.wikipedia.org/wiki/1._April,4
de,http://de.wikipedia.org/wiki/2._April,4
de,http://de.wikipedia.org/wiki/3._April,4
de,http://de.wikipedia.org/wiki/4._April,4
de,http://de.wikipedia.org/wiki/5._April,4
de,http://de.wikipedia.org/wiki/6._April,4
de,http://de.wikipedia.org/wiki/7._April,4
de,http://de.wikipedia.org/wiki/8._April,4
de,http://de.wikipedia.org/wiki/9._April,4
de,http://de.wikipedia.org/wiki/10._April,4
de,http://de.wikipedia.org/wiki/11._April,4
de,http://de.wikipedia.org/wiki/12._April,4
de,http://de.wikipedia.org/wiki/13._April,4
de,http://de.wikipedia.org/wiki/14._April,4
de,http://de.wikipedia.org/wiki/15._April,4
de,http://de.wikipedia.org/wiki/16._April,4
de,http://de.wikipedia.org/wiki/17._April,4
de,http://de.wikipedia.org/wiki/18._April,4
de,http://de.wikipedia.org/wiki/19._April,4
de,http://de.wikipedia.org/wiki/20._April,4
de,http://de.wikipedia.org/wiki/21._April,4
de,http://de.wikipedia.org/wiki/22._April,4
de,http://de.wikipedia.org/wiki/23._April,4
de,http://de.wikipedia.org/wiki/24._April,4
de,http://de.wikipedia.org/wiki/25._April,4
de,http://de.wikipedia.org/wiki/26._April,4
de,http://de.wikipedia.org/wiki/27._April,4
de,http://de.wikipedia.org/wiki/28._April,4
de,http://de.wikipedia.org/wiki/29._April,4
de,http://de.wikipedia.org/wiki/30._April,4
de,http://de.wikipedia.org/wiki/1._Mai,5
de,http://de.wikipedia.org/wiki/2._Mai,5
de,http://de.wikipedia.org/wiki/3._Mai,5
de,http://de.wikipedia.org/wiki/4._Mai,5
de,http://de.wikipedia.org/wiki/5._Mai,5
de,http://de.wikipedia.org/wiki/6._Mai,5
de,http://de.wikipedia.org/wiki/7._Mai,5
de,http://de.wikipedia.org/wiki/8._Mai,5
de,http://de.wikipedia.org/wiki/9._Mai,5
de,http://de.wikipedia.org/wiki/10._Mai,5
de,http://de.wikipedia.org/wiki/11._Mai,5
de,http://de.wikipedia.org/wiki/12._Mai,5
de,http://de.wikipedia.org/wiki/13._Mai,5
de,http://de.wikipedia.org/wiki/14._Mai,5
de,http://de.wikipedia.org/wiki/15._Mai,5
de,http://de.wikipedia.org/wiki/16._Mai,5
de,http://de.wikipedia.org/wiki/17._Mai,5
de,http://de.wikipedia.org/wiki/18._Mai,5
de,http://de.wikipedia.org/wiki/19._Mai,5
de,http://de.wikipedia.org/wiki/20._Mai,5
de,http://de.wikipedia.org/wiki/21._Mai,5
de,http://de.wikipedia.org/wiki/22._Mai,5
de,http://de.wikipedia.org/wiki/23._Mai,5
de,http://de.wikipedia.org/wiki/24._Mai,5
de,http://de.wikipedia.org/wiki/25._Mai,5
de,http://de.wikipedia.org/wiki/26._Mai,5
de,http://de.wikipedia.org/wiki/27._Mai,5
de,http://de.wikipedia.org/wiki/28._Mai,5
de,http://de.wikipedia.org/wiki/29._Mai,5
de,http://de.wikipedia.org/wiki/30._Mai,5
de,http://de.wikipedia.org/wiki/31._Mai,5
de,http://de.wikipedia.org/wiki/1._Juni,6
de,http://de.wikipedia.org/wiki/2._Juni,6
de,http://de.wikipedia.org/wiki/3._Juni,6
de,http://de.wikipedia.org/wiki/4._Juni,6
de,http://de.wikipedia.org/wiki/5._Juni,6
de,http://de.wikipedia.org/wiki/6._Juni,6
de,http://de.wikipedia.org/wiki/7._Juni,6
de,http://de.wikipedia.org/wiki/8._Juni,6
de,http://de.wikipedia.org/wiki/9._Juni,6
de,http://de.wikipedia.org/wiki/10._Juni,6
de,http://de.wikipedia.org/wiki/11._Juni,6
de,http://de.wikipedia.org/wiki/12._Juni,6
de,http://de.wikipedia.org/wiki/13._Juni,6
de,http://de.wikipedia.org/wiki/14._Juni,6
de,http://de.wikipedia.org/wiki/15._Juni,6
de,http://de.wikipedia.org/wiki/16._Juni,6
de,http://de.wikipedia.org/wiki/17._Juni,6
de,http://de.wikipedia.org/wiki/18._Juni,6
de,http://de.wikipedia.org/wiki/19._Juni,6
de,http://de.wikipedia.org/wiki/20._Juni,6
de,http://de.wikipedia.org/wiki/21._Juni,6
de,http://de.wikipedia.org/wiki/22._Juni,6
de,http://de.wikipedia.org/wiki/23._Juni,6
de,http://de.wikipedia.org/wiki/24._Juni,6
de,http://de.wikipedia.org/wiki/25._Juni,6
de,http://de.wikipedia.org/wiki/26._Juni,6
de,http://de.wikipedia.org/wiki/27._Juni,6
de,http://de.wikipedia.org/wiki/28._Juni,6
de,http://de.wikipedia.org/wiki/29._Juni,6
de,http://de.wikipedia.org/wiki/30._Juni,6
de,http://de.wikipedia.org/wiki/1._Juli,7
de,http://de.wikipedia.org/wiki/2._Juli,7
de,http://de.wikipedia.org/wiki/3._Juli,7
de,http://de.wikipedia.org/wiki/4._Juli,7
de,http://de.wikipedia.org/wiki/5._Juli,7
de,http://de.wikipedia.org/wiki/6._Juli,7
de,http://de.wikipedia.org/wiki/7._Juli,7
de,http://de.wikipedia.org/wiki/8._Juli,7
de,http://de.wikipedia.org/wiki/9._Juli,7
de,http://de.wikipedia.org/wiki/10._Juli,7
de,http://de.wikipedia.org/wiki/11._Juli,7
de,http://de.wikipedia.org/wiki/12._Juli,7
de,http://de.wikipedia.org/wiki/13._Juli,7
de,http://de.wikipedia.org/wiki/14._Juli,7
de,http://de.wikipedia.org/wiki/15._Juli,7
de,http://de.wikipedia.org/wiki/16._Juli,7
de,http://de.wikipedia.org/wiki/17._Juli,7
de,http://de.wikipedia.org/wiki/18._Juli,7
de,http://de.wikipedia.org/wiki/19._Juli,7
de,http://de.wikipedia.org/wiki/20._Juli,7
de,http://de.wikipedia.org/wiki/21._Juli,7
de,http://de.wikipedia.org/wiki/22._Juli,7
de,http://de.wikipedia.org/wiki/23._Juli,7
de,http://de.wikipedia.org/wiki/24._Juli,7
de,http://de.wikipedia.org/wiki/25._Juli,7
de,http://de.wikipedia.org/wiki/26._Juli,7
de,http://de.wikipedia.org/wiki/27._Juli,7
de,http://de.wikipedia.org/wiki/28._Juli,7
de,http://de.wikipedia.org/wiki/29._Juli,7
de,http://de.wikipedia.org/wiki/30._Juli,7
de,http://de.wikipedia.org/wiki/31._Juli,7
de,http://de.wikipedia.org/wiki/1._August,8
de,http://de.wikipedia.org/wiki/2._August,8
de,http://de.wikipedia.org/wiki/3._August,8
de,http://de.wikipedia.org/wiki/4._August,8
de,http://de.wikipedia.org/wiki/5._August,8
de,http://de.wikipedia.org/wiki/6._August,8
de,http://de.wikipedia.org/wiki/7._August,8
de,http://de.wikipedia.org/wiki/8._August,8
de,http://de.wikipedia.org/wiki/9._August,8
de,http://de.wikipedia.org/wiki/10._August,8
de,http://de.wikipedia.org/wiki/11._August,8
de,http://de.wikipedia.org/wiki/12._August,8
de,http://de.wikipedia.org/wiki/13._August,8
de,http://de.wikipedia.org/wiki/14._August,8
de,http://de.wikipedia.org/wiki/15._August,8
de,http://de.wikipedia.org/wiki/16._August,8
de,http://de.wikipedia.org/wiki/17._August,8
de,http://de.wikipedia.org/wiki/18._August,8
de,http://de.wikipedia.org/wiki/19._August,8
de,http://de.wikipedia.org/wiki/20._August,8
de,http://de.wikipedia.org/wiki/21._August,8
de,http://de.wikipedia.org/wiki/22._August,8
de,http://de.wikipedia.org/wiki/23._August,8
de,http://de.wikipedia.org/wiki/24._August,8
de,http://de.wikipedia.org/wiki/25._August,8
de,http://de.wikipedia.org/wiki/26._August,8
de,http://de.wikipedia.org/wiki/27._August,8
de,http://de.wikipedia.org/wiki/28._August,8
de,http://de.wikipedia.org/wiki/29._August,8
de,http://de.wikipedia.org/wiki/30._August,8
de,http://de.wikipedia.org/wiki/31._August,8
de,http://de.wikipedia.org/wiki/1._September,9
de,http://de.wikipedia.org/wiki/2._September,9
de,http://de.wikipedia.org/wiki/3._September,9
de,http://de.wikipedia.org/wiki/4._September,9
de,http://de.wikipedia.org/wiki/5._September,9
de,http://de.wikipedia.org/wiki/6._September,9
de,http://de.wikipedia.org/wiki/7._September,9
de,http://de.wikipedia.org/wiki/8._September,9
de,http://de.wikipedia.org/wiki/9._September,9
de,http://de.wikipedia.org/wiki/10._September,9
de,http://de.wikipedia.org/wiki/11._September,9
de,http://de.wikipedia.org/wiki/12._September,9
de,http://de.wikipedia.org/wiki/13._September,9
de,http://de.wikipedia.org/wiki/14._September,9
de,http://de.wikipedia.org/wiki/15._September,9
de,http://de.wikipedia.org/wiki/16._September,9
de,http://de.wikipedia.org/wiki/17._September,9
de,http://de.wikipedia.org/wiki/18._September,9
de,http://de.wikipedia.org/wiki/19._September,9
de,http://de.wikipedia.org/wiki/20._September,9
de,http://de.wikipedia.org/wiki/21._September,9
de,http://de.wikipedia.org/wiki/22._September,9
de,http://de.wikipedia.org/wiki/23._September,9
de,http://de.wikipedia.org/wiki/24._September,9
de,http://de.wikipedia.org/wiki/25._September,9
de,http://de.wikipedia.org/wiki/26._September,9
de,http://de.wikipedia.org/wiki/27._September,9
de,http://de.wikipedia.org/wiki/28._September,9
de,http://de.wikipedia.org/wiki/29._September,9
de,http://de.wikipedia.org/wiki/30._September,9
de,http://de.wikipedia.org/wiki/1._Oktober,10
de,http://de.wikipedia.org/wiki/2._Oktober,10
de,http://de.wikipedia.org/wiki/3._Oktober,10
de,http://de.wikipedia.org/wiki/4._Oktober,10
de,http://de.wikipedia.org/wiki/5._Oktober,10
de,http://de.wikipedia.org/wiki/6._Oktober,10
de,http://de.wikipedia.org/wiki/7._Oktober,10
de,http://de.wikipedia.org/wiki/8._Oktober,10
de,http://de.wikipedia.org/wiki/9._Oktober,10
de,http://de.wikipedia.org/wiki/10._Oktober,10
de,http://de.wikipedia.org/wiki/11._Oktober,10
de,http://de.wikipedia.org/wiki/12._Oktober,10
de,http://de.wikipedia.org/wiki/13._Oktober,10
de,http://de.wikipedia.org/wiki/14._Oktober,10
de,http://de.wikipedia.org/wiki/15._Oktober,10
de,http://de.wikipedia.org/wiki/16._Oktober,10
de,http://de.wikipedia.org/wiki/17._Oktober,10
de,http://de.wikipedia.org/wiki/18._Oktober,10
de,http://de.wikipedia.org/wiki/19._Oktober,10
de,http://de.wikipedia.org/wiki/20._Oktober,10
de,http://de.wikipedia.org/wiki/21._Oktober,10
de,http://de.wikipedia.org/wiki/22._Oktober,10
de,http://de.wikipedia.org/wiki/23._Oktober,10
de,http://de.wikipedia.org/wiki/24._Oktober,10
de,http://de.wikipedia.org/wiki/25._Oktober,10
de,http://de.wikipedia.org/wiki/26._Oktober,10
de,http://de.wikipedia.org/wiki/27._Oktober,10
de,http://de.wikipedia.org/wiki/28._Oktober,10
de,http://de.wikipedia.org/wiki/29._Oktober,10
de,http://de.wikipedia.org/wiki/30._Oktober,10
de,http://de.wikipedia.org/wiki/31._Oktober,10
de,http://de.wikipedia.org/wiki/1._November,11
de,http://de.wikipedia.org/wiki/2._November,11
de,http://de.wikipedia.org/wiki/3._November,11
de,http://de.wikipedia.org/wiki/4._November,11
de,http://de.wikipedia.org/wiki/5._November,11
de,http://de.wikipedia.org/wiki/6._November,11
de,http://de.wikipedia.org/wiki/7._November,11
de,http://de.wikipedia.org/wiki/8._November,11
de,http://de.wikipedia.org/wiki/9._November,11
de,http://de.wikipedia.org/wiki/10._November,11
de,http://de.wikipedia.org/wiki/11._November,11
de,http://de.wikipedia.org/wiki/12._November,11
de,http://de.wikipedia.org/wiki/13._November,11
de,http://de.wikipedia.org/wiki/14._November,11
de,http://de.wikipedia.org/wiki/15._November,11
de,http://de.wikipedia.org/wiki/16._November,11
de,http://de.wikipedia.org/wiki/17._November,11
de,http://de.wikipedia.org/wiki/18._November,11
de,http://de.wikipedia.org/wiki/19._November,11
de,http://de.wikipedia.org/wiki/20._November,11
de,http://de.wikipedia.org/wiki/21._November,11
de,http://de.wikipedia.org/wiki/22._November,11
de,http://de.wikipedia.org/wiki/23._November,11
de,http://de.wikipedia.org/wiki/24._November,11
de,http://de.wikipedia.org/wiki/25._November,11
de,http://de.wikipedia.org/wiki/26._November,11
de,http://de.wikipedia.org/wiki/27._November,11
de,http://de.wikipedia.org/wiki/28._November,11
de,http://de.wikipedia.org/wiki/29._November,11
de,http://de.wikipedia.org/wiki/30._November,11
de,http://de.wikipedia.org/wiki/1._Dezember,12
de,http://de.wikipedia.org/wiki/2._Dezember,12
de,http://de.wikipedia.org/wiki/3._Dezember,12
de,http://de.wikipedia.org/wiki/4._Dezember,12
de,http://de.wikipedia.org/wiki/5._Dezember,12
de,http://de.wikipedia.org/wiki/6._Dezember,12
de,http://de.wikipedia.org/wiki/7._Dezember,12
de,http://de.wikipedia.org/wiki/8._Dezember,12
de,http://de.wikipedia.org/wiki/9._Dezember,12
de,http://de.wikipedia.org/wiki/10._Dezember,12
de,http://de.wikipedia.org/wiki/11._Dezember,12
de,http://de.wikipedia.org/wiki/12._Dezember,12
de,http://de.wikipedia.org/wiki/13._Dezember,12
de,http://de.wikipedia.org/wiki/14._Dezember,12
de,http://de.wikipedia.org/wiki/15._Dezember,12
de,http://de.wikipedia.org/wiki/16._Dezember,12
de,http://de.wikipedia.org/wiki/17._Dezember,12
de,http://de.wikipedia.org/wiki/18._Dezember,12
de,http://de.wikipedia.org/wiki/19._Dezember,12
de,http://de.wikipedia.org/wiki/20._Dezember,12
de,http://de.wikipedia.org/wiki/21._Dezember,12
de,http://de.wikipedia.org/wiki/22._Dezember,12
de,http://de.wikipedia.org/wiki/23._Dezember,12
de,http://de.wikipedia.org/wiki/24._Dezember,12
de,http://de.wikipedia.org/wiki/25._Dezember,12
de,http://de.wikipedia.org/wiki/26._Dezember,12
de,http://de.wikipedia.org/wiki/27._Dezember,12
de,http://de.wikipedia.org/wiki/28._Dezember,12
de,http://de.wikipedia.org/wiki/29._Dezember,12
de,http://de.wikipedia.org/wiki/30._Dezember,12
de,http://de.wikipedia.org/wiki/31._Dezember,12
es,http://es.wikipedia.org/wiki/1_de_enero,1
es,http://es.wikipedia.org/wiki/2_de_enero,1
es,http://es.wikipedia.org/wiki/3_de_enero,1
es,http://es.wikipedia.org/wiki/4_de_enero,1
es,http://es.wikipedia.org/wiki/5_de_enero,1
es,http://es.wikipedia.org/wiki/6_de_enero,1
es,http://es.wikipedia.org/wiki/7_de_enero,1
es,http://es.wikipedia.org/wiki/8_de_enero,1
es,http://es.wikipedia.org/wiki/9_de_enero,1
es,http://es.wikipedia.org/wiki/10_de_enero,1
es,http://es.wikipedia.org/wiki/11_de_enero,1
es,http://es.wikipedia.org/wiki/12_de_enero,1
es,http://es.wikipedia.org/wiki/13_de_enero,1
es,http://es.wikipedia.org/wiki/14_de_enero,1
es,http://es.wikipedia.org/wiki/15_de_enero,1
es,http://es.wikipedia.org/wiki/16_de_enero,1
es,http://es.wikipedia.org/wiki/17_de_enero,1
es,http://es.wikipedia.org/wiki/18_de_enero,1
es,http://es.wikipedia.org/wiki/19_de_enero,1
es,http://es.wikipedia.org/wiki/20_de_enero,1
es,http://es.wikipedia.org/wiki/21_de_enero,1
es,http://es.wikipedia.org/wiki/22_de_enero,1
es,http://es.wikipedia.org/wiki/23_de_enero,1
es,http://es.wikipedia.org/wiki/24_de_enero,1
es,http://es.wikipedia.org/wiki/25_de_enero,1
es,http://es.wikipedia.org/wiki/26_de_enero,1
es,http://es.wikipedia.org/wiki/27_de_enero,1
es,http://es.wikipedia.org/wiki/28_de_enero,1
es,http://es.wikipedia.org/wiki/29_de_enero,1
es,http://es.wikipedia.org/wiki/30_de_enero,1
es,http://es.wikipedia.org/wiki/31_de_enero,1
es,http://es.wikipedia.org/wiki/1_de_febrero,2
es,http://es.wikipedia.org/wiki/2_de_febrero,2
es,http://es.wikipedia.org/wiki/3_de_febrero,2
es,http://es.wikipedia.org/wiki/4_de_febrero,2
es,http://es.wikipedia.org/wiki/5_de_febrero,2
es,http://es.wikipedia.org/wiki/6_de_febrero,2
es,http://es.wikipedia.org/wiki/7_de_febrero,2
es,http://es.wikipedia.org/wiki/8_de_febrero,2
es,http://es.wikipedia.org/wiki/9_de_febrero,2
es,http://es.wikipedia.org/wiki/10_de_febrero,2
es,http://es.wikipedia.org/wiki/11_de_febrero,2
es,http://es.wikipedia.org/wiki/12_de_febrero,2
es,http://es.wikipedia.org/wiki/13_de_febrero,2
es,http://es.wikipedia.org/wiki/14_de_febrero,2
es,http://es.wikipedia.org/wiki/15_de_febrero,2
es,http://es.wikipedia.org/wiki/16_de_febrero,2
es,http://es.wikipedia.org/wiki/17_de_febrero,2
es,http://es.wikipedia.org/wiki/18_de_febrero,2
es,http://es.wikipedia.org/wiki/19_de_febrero,2
es,http://es.wikipedia.org/wiki/20_de_febrero,2
es,http://es.wikipedia.org/wiki/21_de_febrero,2
es,http://es.wikipedia.org/wiki/22_de_febrero,2
es,http://es.wikipedia.org/wiki/23_de_febrero,2
es,http://es.wikipedia.org/wiki/24_de_febrero,2
es,http://es.wikipedia.org/wiki/25_de_febrero,2
es,http://es.wikipedia.org/wiki/26_de_febrero,2
es,http://es.wikipedia.org/wiki/27_de_febrero,2
es,http://es.wikipedia.org/wiki/28_de_febrero,2
es,http://es.wikipedia.org/wiki/1_de_marzo,3
es,http://es.wikipedia.org/wiki/2_de_marzo,3
es,http://es.wikipedia.org/wiki/3_de_marzo,3
es,http://es.wikipedia.org/wiki/4_de_marzo,3
es,http://es.wikipedia.org/wiki/5_de_marzo,3
es,http://es.wikipedia.org/wiki/6_de_marzo,3
es,http://es.wikipedia.org/wiki/7_de_marzo,3
es,http://es.wikipedia.org/wiki/8_de_marzo,3
es,http://es.wikipedia.org/wiki/9_de_marzo,3
es,http://es.wikipedia.org/wiki/10_de_marzo,3
es,http://es.wikipedia.org/wiki/11_de_marzo,3
es,http://es.wikipedia.org/wiki/12_de_marzo,3
es,http://es.wikipedia.org/wiki/13_de_marzo,3
es,http://es.wikipedia.org/wiki/14_de_marzo,3
es,http://es.wikipedia.org/wiki/15_de_marzo,3
es,http://es.wikipedia.org/wiki/16_de_marzo,3
es,http://es.wikipedia.org/wiki/17_de_marzo,3
es,http://es.wikipedia.org/wiki/18_de_marzo,3
es,http://es.wikipedia.org/wiki/19_de_marzo,3
es,http://es.wikipedia.org/wiki/20_de_marzo,3
es,http://es.wikipedia.org/wiki/21_de_marzo,3
es,http://es.wikipedia.org/wiki/22_de_marzo,3
es,http://es.wikipedia.org/wiki/23_de_marzo,3
es,http://es.wikipedia.org/wiki/24_de_marzo,3
es,http://es.wikipedia.org/wiki/25_de_marzo,3
es,http://es.wikipedia.org/wiki/26_de_marzo,3
es,http://es.wikipedia.org/wiki/27_de_marzo,3
es,http://es.wikipedia.org/wiki/28_de_marzo,3
es,http://es.wikipedia.org/wiki/29_de_marzo,3
es,http://es.wikipedia.org/wiki/30_de_marzo,3
es,http://es.wikipedia.org/wiki/31_de_marzo,3
es,http://es.wikipedia.org/wiki/1_de_abril,4
es,http://es.wikipedia.org/wiki/2_de_abril,4
es,http://es.wikipedia.org/wiki/3_de_abril,4
es,http://es.wikipedia.org/wiki/4_de_abril,4
es,http://es.wikipedia.org/wiki/5_de_abril,4
es,http://es.wikipedia.org/wiki/6_de_abril,4
es,http://es.wikipedia.org/wiki/7_de_abril,4
es,http://es.wikipedia.org/wiki/8_de_abril,4
es,http://es.wikipedia.org/wiki/9_de_abril,4
es,http://es.wikipedia.org/wiki/10_de_abril,4
es,http://es.wikipedia.org/wiki/11_de_abril,4
es,http://es.wikipedia.org/wiki/12_de_abril,4
es,http://es.wikipedia.org/wiki/13_de_abril,4
es,http://es.wikipedia.org/wiki/14_de_abril,4
es,http://es.wikipedia.org/wiki/15_de_abril,4
es,http://es.wikipedia.org/wiki/16_de_abril,4
es,http://es.wikipedia.org/wiki/17_de_abril,4
es,http://es.wikipedia.org/wiki/18_de_abril,4
es,http://es.wikipedia.org/wiki/19_de_abril,4
es,http://es.wikipedia.org/wiki/20_de_abril,4
es,http://es.wikipedia.org/wiki/21_de_abril,4
es,http://es.wikipedia.org/wiki/22_de_abril,4
es,http://es.wikipedia.org/wiki/23_de_abril,4
es,http://es.wikipedia.org/wiki/24_de_abril,4
es,http://es.wikipedia.org/wiki/25_de_abril,4
es,http://es.wikipedia.org/wiki/26_de_abril,4
es,http://es.wikipedia.org/wiki/27_de_abril,4
es,http://es.wikipedia.org/wiki/28_de_abril,4
es,http://es.wikipedia.org/wiki/29_de_abril,4
es,http://es.wikipedia.org/wiki/30_de_abril,4
es,http://es.wikipedia.org/wiki/1_de_mayo,5
es,http://es.wikipedia.org/wiki/2_de_mayo,5
es,http://es.wikipedia.org/wiki/3_de_mayo,5
es,http://es.wikipedia.org/wiki/4_de_mayo,5
es,http://es.wikipedia.org/wiki/5_de_mayo,5
es,http://es.wikipedia.org/wiki/6_de_mayo,5
es,http://es.wikipedia.org/wiki/7_de_mayo,5
es,http://es.wikipedia.org/wiki/8_de_mayo,5
es,http://es.wikipedia.org/wiki/9_de_mayo,5
es,http://es.wikipedia.org/wiki/10_de_mayo,5
es,http://es.wikipedia.org/wiki/11_de_mayo,5
es,http://es.wikipedia.org/wiki/12_de_mayo,5
es,http://es.wikipedia.org/wiki/13_de_mayo,5
es,http://es.wikipedia.org/wiki/14_de_mayo,5
es,http://es.wikipedia.org/wiki/15_de_mayo,5
es,http://es.wikipedia.org/wiki/16_de_mayo,5
es,http://es.wikipedia.org/wiki/17_de_mayo,5
es,http://es.wikipedia.org/wiki/18_de_mayo,5
es,http://es.wikipedia.org/wiki/19_de_mayo,5
es,http://es.wikipedia.org/wiki/20_de_mayo,5
es,http://es.wikipedia.org/wiki/21_de_mayo,5
es,http://es.wikipedia.org/wiki/22_de_mayo,5
es,http://es.wikipedia.org/wiki/23_de_mayo,5
es,http://es.wikipedia.org/wiki/24_de_mayo,5
es,http://es.wikipedia.org/wiki/25_de_mayo,5
es,http://es.wikipedia.org/wiki/26_de_mayo,5
es,http://es.wikipedia.org/wiki/27_de_mayo,5
es,http://es.wikipedia.org/wiki/28_de_mayo,5
es,http://es.wikipedia.org/wiki/29_de_mayo,5
es,http://es.wikipedia.org/wiki/30_de_mayo,5
es,http://es.wikipedia.org/wiki/31_de_mayo,5
es,http://es.wikipedia.org/wiki/1_de_junio,6
es,http://es.wikipedia.org/wiki/2_de_junio,6
es,http://es.wikipedia.org/wiki/3_de_junio,6
es,http://es.wikipedia.org/wiki/4_de_junio,6
es,http://es.wikipedia.org/wiki/5_de_junio,6
es,http://es.wikipedia.org/wiki/6_de_junio,6
es,http://es.wikipedia.org/wiki/7_de_junio,6
es,http://es.wikipedia.org/wiki/8_de_junio,6
es,http://es.wikipedia.org/wiki/9_de_junio,6
es,http://es.wikipedia.org/wiki/10_de_junio,6
es,http://es.wikipedia.org/wiki/11_de_junio,6
es,http://es.wikipedia.org/wiki/12_de_junio,6
es,http://es.wikipedia.org/wiki/13_de_junio,6
es,http://es.wikipedia.org/wiki/14_de_junio,6
es,http://es.wikipedia.org/wiki/15_de_junio,6
es,http://es.wikipedia.org/wiki/16_de_junio,6
es,http://es.wikipedia.org/wiki/17_de_junio,6
es,http://es.wikipedia.org/wiki/18_de_junio,6
es,http://es.wikipedia.org/wiki/19_de_junio,6
es,http://es.wikipedia.org/wiki/20_de_junio,6
es,http://es.wikipedia.org/wiki/21_de_junio,6
es,http://es.wikipedia.org/wiki/22_de_junio,6
es,http://es.wikipedia.org/wiki/23_de_junio,6
es,http://es.wikipedia.org/wiki/24_de_junio,6
es,http://es.wikipedia.org/wiki/25_de_junio,6
es,http://es.wikipedia.org/wiki/26_de_junio,6
es,http://es.wikipedia.org/wiki/27_de_junio,6
es,http://es.wikipedia.org/wiki/28_de_junio,6
es,http://es.wikipedia.org/wiki/29_de_junio,6
es,http://es.wikipedia.org/wiki/30_de_junio,6
es,http://es.wikipedia.org/wiki/1_de_julio,7
es,http://es.wikipedia.org/wiki/2_de_julio,7
es,http://es.wikipedia.org/wiki/3_de_julio,7
es,http://es.wikipedia.org/wiki/4_de_julio,7
es,http://es.wikipedia.org/wiki/5_de_julio,7
es,http://es.wikipedia.org/wiki/6_de_julio,7
es,http://es.wikipedia.org/wiki/7_de_julio,7
es,http://es.wikipedia.org/wiki/8_de_julio,7
es,http://es.wikipedia.org/wiki/9_de_julio,7
es,http://es.wikipedia.org/wiki/10_de_julio,7
es,http://es.wikipedia.org/wiki/11_de_julio,7
es,http://es.wikipedia.org/wiki/12_de_julio,7
es,http://es.wikipedia.org/wiki/13_de_julio,7
es,http://es.wikipedia.org/wiki/14_de_julio,7
es,http://es.wikipedia.org/wiki/15_de_julio,7
es,http://es.wikipedia.org/wiki/16_de_julio,7
es,http://es.wikipedia.org/wiki/17_de_julio,7
es,http://es.wikipedia.org/wiki/18_de_julio,7
es,http://es.wikipedia.org/wiki/19_de_julio,7
es,http://es.wikipedia.org/wiki/20_de_julio,7
es,http://es.wikipedia.org/wiki/21_de_julio,7
es,http://es.wikipedia.org/wiki/22_de_julio,7
es,http://es.wikipedia.org/wiki/23_de_julio,7
es,http://es.wikipedia.org/wiki/24_de_julio,7
es,http://es.wikipedia.org/wiki/25_de_julio,7
es,http://es.wikipedia.org/wiki/26_de_julio,7
es,http://es.wikipedia.org/wiki/27_de_julio,7
es,http://es.wikipedia.org/wiki/28_de_julio,7
es,http://es.wikipedia.org/wiki/29_de_julio,7
es,http://es.wikipedia.org/wiki/30_de_julio,7
es,http://es.wikipedia.org/wiki/31_de_julio,7
es,http://es.wikipedia.org/wiki/1_de_agosto,8
es,http://es.wikipedia.org/wiki/2_de_agosto,8
es,http://es.wikipedia.org/wiki/3_de_agosto,8
es,http://es.wikipedia.org/wiki/4_de_agosto,8
es,http://es.wikipedia.org/wiki/5_de_agosto,8
es,http://es.wikipedia.org/wiki/6_de_agosto,8
es,http://es.wikipedia.org/wiki/7_de_agosto,8
es,http://es.wikipedia.org/wiki/8_de_agosto,8
es,http://es.wikipedia.org/wiki/9_de_agosto,8
es,http://es.wikipedia.org/wiki/10_de_agosto,8
es,http://es.wikipedia.org/wiki/11_de_agosto,8
es,http://es.wikipedia.org/wiki/12_de_agosto,8
es,http://es.wikipedia.org/wiki/13_de_agosto,8
es,http://es.wikipedia.org/wiki/14_de_agosto,8
es,http://es.wikipedia.org/wiki/15_de_agosto,8
es,http://es.wikipedia.org/wiki/16_de_agosto,8
es,http://es.wikipedia.org/wiki/17_de_agosto,8
es,http://es.wikipedia.org/wiki/18_de_agosto,8
es,http://es.wikipedia.org/wiki/19_de_agosto,8
es,http://es.wikipedia.org/wiki/20_de_agosto,8
es,http://es.wikipedia.org/wiki/21_de_agosto,8
es,http://es.wikipedia.org/wiki/22_de_agosto,8
es,http://es.wikipedia.org/wiki/23_de_agosto,8
es,http://es.wikipedia.org/wiki/24_de_agosto,8
es,http://es.wikipedia.org/wiki/25_de_agosto,8
es,http://es.wikipedia.org/wiki/26_de_agosto,8
es,http://es.wikipedia.org/wiki/27_de_agosto,8
es,http://es.wikipedia.org/wiki/28_de_agosto,8
es,http://es.wikipedia.org/wiki/29_de_agosto,8
es,http://es.wikipedia.org/wiki/30_de_agosto,8
es,http://es.wikipedia.org/wiki/31_de_agosto,8
es,http://es.wikipedia.org/wiki/1_de_septiembre,9
es,http://es.wikipedia.org/wiki/2_de_septiembre,9
es,http://es.wikipedia.org/wiki/3_de_septiembre,9
es,http://es.wikipedia.org/wiki/4_de_septiembre,9
es,http://es.wikipedia.org/wiki/5_de_septiembre,9
es,http://es.wikipedia.org/wiki/6_de_septiembre,9
es,http://es.wikipedia.org/wiki/7_de_septiembre,9
es,http://es.wikipedia.org/wiki/8_de_septiembre,9
es,http://es.wikipedia.org/wiki/9_de_septiembre,9
es,http://es.wikipedia.org/wiki/10_de_septiembre,9
es,http://es.wikipedia.org/wiki/11_de_septiembre,9
es,http://es.wikipedia.org/wiki/12_de_septiembre,9
es,http://es.wikipedia.org/wiki/13_de_septiembre,9
es,http://es.wikipedia.org/wiki/14_de_septiembre,9
es,http://es.wikipedia.org/wiki/15_de_septiembre,9
es,http://es.wikipedia.org/wiki/16_de_septiembre,9
es,http://es.wikipedia.org/wiki/17_de_septiembre,9
es,http://es.wikipedia.org/wiki/18_de_septiembre,9
es,http://es.wikipedia.org/wiki/19_de_septiembre,9
es,http://es.wikipedia.org/wiki/20_de_septiembre,9
es,http://es.wikipedia.org/wiki/21_de_septiembre,9
es,http://es.wikipedia.org/wiki/22_de_septiembre,9
es,http://es.wikipedia.org/wiki/23_de_septiembre,9
es,http://es.wikipedia.org/wiki/24_de_septiembre,9
es,http://es.wikipedia.org/wiki/25_de_septiembre,9
es,http://es.wikipedia.org/wiki/26_de_septiembre,9
es,http://es.wikipedia.org/wiki/27_de_septiembre,9
es,http://es.wikipedia.org/wiki/28_de_septiembre,9
es,http://es.wikipedia.org/wiki/29_de_septiembre,9
es,http://es.wikipedia.org/wiki/30_de_septiembre,9
es,http://es.wikipedia.org/wiki/1_de_octubre,10
es,http://es.wikipedia.org/wiki/2_de_octubre,10
es,http://es.wikipedia.org/wiki/3_de_octubre,10
es,http://es.wikipedia.org/wiki/4_de_octubre,10
es,http://es.wikipedia.org/wiki/5_de_octubre,10
es,http://es.wikipedia.org/wiki/6_de_octubre,10
es,http://es.wikipedia.org/wiki/7_de_octubre,10
es,http://es.wikipedia.org/wiki/8_de_octubre,10
es,http://es.wikipedia.org/wiki/9_de_octubre,10
es,http://es.wikipedia.org/wiki/10_de_octubre,10
es,http://es.wikipedia.org/wiki/11_de_octubre,10
es,http://es.wikipedia.org/wiki/12_de_octubre,10
es,http://es.wikipedia.org/wiki/13_de_octubre,10
es,http://es.wikipedia.org/wiki/14_de_octubre,10
es,http://es.wikipedia.org/wiki/15_de_octubre,10
es,http://es.wikipedia.org/wiki/16_de_octubre,10
es,http://es.wikipedia.org/wiki/17_de_octubre,10
es,http://es.wikipedia.org/wiki/18_de_octubre,10
es,http://es.wikipedia.org/wiki/19_de_octubre,10
es,http://es.wikipedia.org/wiki/20_de_octubre,10
es,http://es.wikipedia.org/wiki/21_de_octubre,10
es,http://es.wikipedia.org/wiki/22_de_octubre,10
es,http://es.wikipedia.org/wiki/23_de_octubre,10
es,http://es.wikipedia.org/wiki/24_de_octubre,10
es,http://es.wikipedia.org/wiki/25_de_octubre,10
es,http://es.wikipedia.org/wiki/26_de_octubre,10
es,http://es.wikipedia.org/wiki/27_de_octubre,10
es,http://es.wikipedia.org/wiki/28_de_octubre,10
es,http://es.wikipedia.org/wiki/29_de_octubre,10
es,http://es.wikipedia.org/wiki/30_de_octubre,10
es,http://es.wikipedia.org/wiki/31_de_octubre,10
es,http://es.wikipedia.org/wiki/1_de_noviembre,11
es,http://es.wikipedia.org/wiki/2_de_noviembre,11
es,http://es.wikipedia.org/wiki/3_de_noviembre,11
es,http://es.wikipedia.org/wiki/4_de_noviembre,11
es,http://es.wikipedia.org/wiki/5_de_noviembre,11
es,http://es.wikipedia.org/wiki/6_de_noviembre,11
es,http://es.wikipedia.org/wiki/7_de_noviembre,11
es,http://es.wikipedia.org/wiki/8_de_noviembre,11
es,http://es.wikipedia.org/wiki/9_de_noviembre,11
es,http://es.wikipedia.org/wiki/10_de_noviembre,11
es,http://es.wikipedia.org/wiki/11_de_noviembre,11
es,http://es.wikipedia.org/wiki/12_de_noviembre,11
es,http://es.wikipedia.org/wiki/13_de_noviembre,11
es,http://es.wikipedia.org/wiki/14_de_noviembre,11
es,http://es.wikipedia.org/wiki/15_de_noviembre,11
es,http://es.wikipedia.org/wiki/16_de_noviembre,11
es,http://es.wikipedia.org/wiki/17_de_noviembre,11
es,http://es.wikipedia.org/wiki/18_de_noviembre,11
es,http://es.wikipedia.org/wiki/19_de_noviembre,11
es,http://es.wikipedia.org/wiki/20_de_noviembre,11
es,http://es.wikipedia.org/wiki/21_de_noviembre,11
es,http://es.wikipedia.org/wiki/22_de_noviembre,11
es,http://es.wikipedia.org/wiki/23_de_noviembre,11
es,http://es.wikipedia.org/wiki/24_de_noviembre,11
es,http://es.wikipedia.org/wiki/25_de_noviembre,11
es,http://es.wikipedia.org/wiki/26_de_noviembre,11
es,http://es.wikipedia.org/wiki/27_de_noviembre,11
es,http://es.wikipedia.org/wiki/28_de_noviembre,11
es,http://es.wikipedia.org/wiki/29_de_noviembre,11
es,http://es.wikipedia.org/wiki/30_de_noviembre,11
es,http://es.wikipedia.org/wiki/1_de_diciembre,12
es,http://es.wikipedia.org/wiki/2_de_diciembre,12
es,http://es.wikipedia.org/wiki/3_de_diciembre,12
es,http://es.wikipedia.org/wiki/4_de_diciembre,12
es,http://es.wikipedia.org/wiki/5_de_diciembre,12
es,http://es.wikipedia.org/wiki/6_de_diciembre,12
es,http://es.wikipedia.org/wiki/7_de_diciembre,12
es,http://es.wikipedia.org/wiki/8_de_diciembre,12
es,http://es.wikipedia.org/wiki/9_de_diciembre,12
es,http://es.wikipedia.org/wiki/10_de_diciembre,12
es,http://es.wikipedia.org/wiki/11_de_diciembre,12
es,http://es.wikipedia.org/wiki/12_de_diciembre,12
es,http://es.wikipedia.org/wiki/13_de_diciembre,12
es,http://es.wikipedia.org/wiki/14_de_diciembre,12
es,http://es.wikipedia.org/wiki/15_de_diciembre,12
es,http://es.wikipedia.org/wiki/16_de_diciembre,12
es,http://es.wikipedia.org/wiki/17_de_diciembre,12
es,http://es.wikipedia.org/wiki/18_de_diciembre,12
es,http://es.wikipedia.org/wiki/19_de_diciembre,12
es,http://es.wikipedia.org/wiki/20_de_diciembre,12
es,http://es.wikipedia.org/wiki/21_de_diciembre,12
es,http://es.wikipedia.org/wiki/22_de_diciembre,12
es,http://es.wikipedia.org/wiki/23_de_diciembre,12
es,http://es.wikipedia.org/wiki/24_de_diciembre,12
es,http://es.wikipedia.org/wiki/25_de_diciembre,12
es,http://es.wikipedia.org/wiki/26_de_diciembre,12
es,http://es.wikipedia.org/wiki/27_de_diciembre,12
es,http://es.wikipedia.org/wiki/28_de_diciembre,12
es,http://es.wikipedia.org/wiki/29_de_diciembre,12
es,http://es.wikipedia.org/wiki/30_de_diciembre,12
es,http://es.wikipedia.org/wiki/31_de_diciembre,12